{
  "1.001": [
    0.18867,
    0.27148
  ],
  "0.999": [
    0.00039,
    0.06055,
    0.40117,
    0.42383
  ],
  "0.588": [
    0.15613,
    0.30867
  ],
  "0.587": [
    0.00039,
    0.05789,
    0.13559,
    0.32812,
    0.42383
  ]
}